{
    "preguntas": [
        {
            "id": 1,
            "titulo": "Un trapecio tiene las siguientes dimensiones: la base mayor mide 10 cm, la base menor mide 6 cm, y la altura es de 5 cm.",
            "imagen": "Assets/Recursos/Quizz/imagenes/Pregunta3.png",
            "pregunta": "¿Cuál es el área del trapecio?",
            "respuestas": ["25cm^2", "50cm^2", "40cm^3", "40cm^2"],
            "respuestaCorrecta": 3
        },
        {
            "id": 2,
            "titulo": "Historia",
            "imagen": "ruta/imagen2.jpg",
            "pregunta": "¿Quién descubrió América?",
            "respuestas": ["Cristóbal Colón", "Napoleón", "Einstein", "Galileo"],
            "respuestaCorrecta": 0
        }
    ]
}
